[{"model": "product.product", "pk": 1, "fields": {"name": "\u8178\u9053\u83ccDNA\u89e3\u78bc", "prefix": "MRT", "status": true}}, {"model": "product.product", "pk": 2, "fields": {"name": "\u5fae\u751f\u7269\u76f8\u5b9a\u5e8f\u8207\u5206\u6790\u670d\u52d9", "prefix": "MRT", "status": true}}, {"model": "product.product", "pk": 3, "fields": {"name": "\u500b\u4eba\u5316\u9ad4\u8cea\u57fa\u56e0\u89e3\u78bc", "prefix": "GHT", "status": true}}, {"model": "product.product", "pk": 4, "fields": {"name": "NGS\u5b9a\u5e8f\u670d\u52d9", "prefix": "NGS", "status": true}}, {"model": "product.product", "pk": 5, "fields": {"name": "\u7cbe\u6e96\u5316\u76ca\u751f\u83cc1.0", "prefix": "PRF", "status": true}}, {"model": "product.product", "pk": 6, "fields": {"name": "\u7cbe\u6e96\u5316\u76ca\u751f\u83cc2.0", "prefix": "PRT", "status": true}}, {"model": "product.plan", "pk": 1, "fields": {"product": 1, "name": "SM01", "price": 1, "status": true, "description": "\u75be\u75c5\u548c\u98f2\u98df(2\u672c)"}}, {"model": "product.plan", "pk": 2, "fields": {"product": 1, "name": "SM02", "price": 1, "status": true, "description": "\u75be\u75c5\u548c\u597d\u58de\u83cc(1\u672c)"}}, {"model": "product.plan", "pk": 3, "fields": {"product": 1, "name": "SM03", "price": 1, "status": true, "description": "A3\u7c21\u6613\u7248\u5831\u544a"}}, {"model": "product.plan", "pk": 4, "fields": {"product": 1, "name": "SM04", "price": 1, "status": true, "description": "\u559c\u6085\u5b8c\u6574\u7248\u5831\u544a(1\u672c)"}}, {"model": "product.plan", "pk": 5, "fields": {"product": 2, "name": "SR00", "price": 1, "status": true, "description": "\u5fae\u751f\u7269\u76f8\u5b9a\u5e8f\u8207\u5206\u6790\u670d\u52d9"}}, {"model": "product.plan", "pk": 6, "fields": {"product": 3, "name": "OG01", "price": 1, "status": true, "description": "\u5168\u57fa\u56e0"}}, {"model": "product.plan", "pk": 7, "fields": {"product": 3, "name": "OG02", "price": 1, "status": true, "description": "\u9152\u7cbe"}}, {"model": "product.plan", "pk": 8, "fields": {"product": 3, "name": "OG03", "price": 1, "status": true, "description": "\u5496\u5561\u56e0"}}, {"model": "product.plan", "pk": 9, "fields": {"product": 3, "name": "OG04", "price": 1, "status": true, "description": "\u904b\u52d5"}}, {"model": "product.plan", "pk": 10, "fields": {"product": 4, "name": "LncRNA", "price": 1, "status": true, "description": ""}}, {"model": "product.plan", "pk": 11, "fields": {"product": 4, "name": "miRNA", "price": 1, "status": true, "description": ""}}, {"model": "product.plan", "pk": 12, "fields": {"product": 5, "name": "BE00", "price": 1, "status": true, "description": "\u8840\u6db2(\u50c5\u6aa2\u6e2c)"}}, {"model": "product.plan", "pk": 13, "fields": {"product": 5, "name": "BP04", "price": 1, "status": true, "description": "\u8840\u6db2(4\u500b\u6708)"}}, {"model": "product.plan", "pk": 14, "fields": {"product": 5, "name": "BP06", "price": 1, "status": true, "description": "\u8840\u6db2(6\u500b\u6708)"}}, {"model": "product.plan", "pk": 15, "fields": {"product": 5, "name": "BP12", "price": 1, "status": true, "description": "\u8840\u6db2(12\u500b\u6708)"}}, {"model": "product.plan", "pk": 16, "fields": {"product": 5, "name": "BC06", "price": 1, "status": true, "description": "\u8840\u6db2(\u7e8c\u7d046\u500b\u6708)"}}, {"model": "product.plan", "pk": 17, "fields": {"product": 5, "name": "BC12", "price": 1, "status": true, "description": "\u8840\u6db2(\u7e8c\u7d0412\u500b\u6708)"}}, {"model": "product.plan", "pk": 18, "fields": {"product": 5, "name": "OE00", "price": 1, "status": true, "description": "\u53e3\u8154(\u50c5\u6aa2\u6e2c)"}}, {"model": "product.plan", "pk": 19, "fields": {"product": 5, "name": "OP04", "price": 1, "status": true, "description": "\u53e3\u8154(4\u500b\u6708)"}}, {"model": "product.plan", "pk": 20, "fields": {"product": 5, "name": "OP06", "price": 1, "status": true, "description": "\u53e3\u8154(6\u500b\u6708)"}}, {"model": "product.plan", "pk": 21, "fields": {"product": 5, "name": "OP12", "price": 1, "status": true, "description": "\u53e3\u8154(12\u500b\u6708)"}}, {"model": "product.plan", "pk": 22, "fields": {"product": 5, "name": "OC06", "price": 1, "status": true, "description": "\u53e3\u8154(\u7e8c\u7d046\u500b\u6708)"}}, {"model": "product.plan", "pk": 23, "fields": {"product": 5, "name": "OC12", "price": 1, "status": true, "description": "\u53e3\u8154(\u7e8c\u7d0412\u500b\u6708)"}}, {"model": "product.plan", "pk": 24, "fields": {"product": 6, "name": "SE00", "price": 1, "status": true, "description": "\u50c5\u6aa2\u6e2c"}}, {"model": "product.plan", "pk": 25, "fields": {"product": 6, "name": "SP04", "price": 1, "status": true, "description": "4\u500b\u6708"}}, {"model": "product.plan", "pk": 26, "fields": {"product": 6, "name": "SP06", "price": 1, "status": true, "description": "6\u500b\u6708"}}, {"model": "product.plan", "pk": 27, "fields": {"product": 6, "name": "SP12", "price": 1, "status": true, "description": "12\u500b\u6708"}}, {"model": "product.plan", "pk": 28, "fields": {"product": 6, "name": "SC06", "price": 1, "status": true, "description": "\u7e8c\u7d046\u500b\u6708"}}, {"model": "product.plan", "pk": 29, "fields": {"product": 6, "name": "SC12", "price": 1, "status": true, "description": "\u7e8c\u7d0412\u500b\u6708"}}, {"model": "product.project", "pk": 1, "fields": {"product": 1, "content_type": 17}}, {"model": "product.project", "pk": 2, "fields": {"product": 2, "content_type": 17}}, {"model": "product.project", "pk": 3, "fields": {"product": 3, "content_type": 18}}, {"model": "product.project", "pk": 4, "fields": {"product": 4, "content_type": 16}}, {"model": "product.project", "pk": 5, "fields": {"product": 5, "content_type": 15}}, {"model": "product.project", "pk": 6, "fields": {"product": 6, "content_type": 14}}]